﻿<Complex name="Root" type="GP_Simulator.Data, GP Simulator, Version=1.0.0.0, Culture=neutral, PublicKeyToken=null">
  <Properties>
    <Simple name="RawMaterialBoxStageCount" value="5" />
    <Simple name="ProcessingStageCount" value="3" />
    <Simple name="PreBufferCount" value="1" />
    <Simple name="JobsPerOrder" value="2" />
    <Simple name="OrderCount" value="4" />
    <Simple name="TotalJobCount" value="8" />
    <Simple name="TotalPreBufferSlots" value="7" />
    <Simple name="TotalProcessingSlots" value="7" />
    <Simple name="TotalSlots" value="23" />
    <Simple name="NumberOfMachines" value="7" />
    <Simple name="SlotsPerMachine" value="3" />
    <SingleArray name="MachinesPerStage">
      <Items>
        <Simple value="0" />
        <Simple value="3" />
        <Simple value="2" />
        <Simple value="2" />
        <Simple value="0" />
      </Items>
    </SingleArray>
    <Simple name="ParallelMachinesOutput" value="3-2-2" />
    <Simple name="ParallelMachinesOutputWithoutHyphen" value="3 2 2" />
    <MultiArray name="SetupTimes">
      <Dimensions>
        <Dimension length="3" />
        <Dimension length="3" />
      </Dimensions>
      <Items>
        <Item indexes="0,0">
          <Simple value="0" />
        </Item>
        <Item indexes="0,1">
          <Simple value="11" />
        </Item>
        <Item indexes="0,2">
          <Simple value="13" />
        </Item>
        <Item indexes="1,0">
          <Simple value="11" />
        </Item>
        <Item indexes="1,1">
          <Simple value="0" />
        </Item>
        <Item indexes="1,2">
          <Simple value="13" />
        </Item>
        <Item indexes="2,0">
          <Simple value="13" />
        </Item>
        <Item indexes="2,1">
          <Simple value="13" />
        </Item>
        <Item indexes="2,2">
          <Simple value="0" />
        </Item>
      </Items>
    </MultiArray>
    <MultiArray name="LocalJobInformation">
      <Dimensions>
        <Dimension length="8" />
        <Dimension length="3" />
      </Dimensions>
      <Items>
        <Item indexes="0,0">
          <Simple value="0" />
        </Item>
        <Item indexes="0,1">
          <Simple value="0" />
        </Item>
        <Item indexes="0,2">
          <Simple value="0" />
        </Item>
        <Item indexes="1,0">
          <Simple value="1" />
        </Item>
        <Item indexes="1,1">
          <Simple value="0" />
        </Item>
        <Item indexes="1,2">
          <Simple value="1" />
        </Item>
        <Item indexes="2,0">
          <Simple value="2" />
        </Item>
        <Item indexes="2,1">
          <Simple value="1" />
        </Item>
        <Item indexes="2,2">
          <Simple value="2" />
        </Item>
        <Item indexes="3,0">
          <Simple value="3" />
        </Item>
        <Item indexes="3,1">
          <Simple value="1" />
        </Item>
        <Item indexes="3,2">
          <Simple value="2" />
        </Item>
        <Item indexes="4,0">
          <Simple value="4" />
        </Item>
        <Item indexes="4,1">
          <Simple value="2" />
        </Item>
        <Item indexes="4,2">
          <Simple value="2" />
        </Item>
        <Item indexes="5,0">
          <Simple value="5" />
        </Item>
        <Item indexes="5,1">
          <Simple value="2" />
        </Item>
        <Item indexes="5,2">
          <Simple value="2" />
        </Item>
        <Item indexes="6,0">
          <Simple value="6" />
        </Item>
        <Item indexes="6,1">
          <Simple value="3" />
        </Item>
        <Item indexes="6,2">
          <Simple value="1" />
        </Item>
        <Item indexes="7,0">
          <Simple value="7" />
        </Item>
        <Item indexes="7,1">
          <Simple value="3" />
        </Item>
        <Item indexes="7,2">
          <Simple value="2" />
        </Item>
      </Items>
    </MultiArray>
    <Collection name="StageSequenceColor0">
      <Properties>
        <Simple name="Capacity" value="8" />
      </Properties>
      <Items>
        <Simple type="System.Int32, mscorlib, Version=4.0.0.0, Culture=neutral, PublicKeyToken=b77a5c561934e089" value="0" />
        <Simple type="System.Int32, mscorlib, Version=4.0.0.0, Culture=neutral, PublicKeyToken=b77a5c561934e089" value="1" />
        <Simple type="System.Int32, mscorlib, Version=4.0.0.0, Culture=neutral, PublicKeyToken=b77a5c561934e089" value="2" />
        <Simple type="System.Int32, mscorlib, Version=4.0.0.0, Culture=neutral, PublicKeyToken=b77a5c561934e089" value="3" />
        <Simple type="System.Int32, mscorlib, Version=4.0.0.0, Culture=neutral, PublicKeyToken=b77a5c561934e089" value="4" />
      </Items>
    </Collection>
    <Collection name="StageSequenceColor1">
      <Properties>
        <Simple name="Capacity" value="4" />
      </Properties>
      <Items>
        <Simple type="System.Int32, mscorlib, Version=4.0.0.0, Culture=neutral, PublicKeyToken=b77a5c561934e089" value="0" />
        <Simple type="System.Int32, mscorlib, Version=4.0.0.0, Culture=neutral, PublicKeyToken=b77a5c561934e089" value="1" />
        <Simple type="System.Int32, mscorlib, Version=4.0.0.0, Culture=neutral, PublicKeyToken=b77a5c561934e089" value="2" />
        <Simple type="System.Int32, mscorlib, Version=4.0.0.0, Culture=neutral, PublicKeyToken=b77a5c561934e089" value="4" />
      </Items>
    </Collection>
    <Collection name="StageSequenceColor2">
      <Properties>
        <Simple name="Capacity" value="8" />
      </Properties>
      <Items>
        <Simple type="System.Int32, mscorlib, Version=4.0.0.0, Culture=neutral, PublicKeyToken=b77a5c561934e089" value="0" />
        <Simple type="System.Int32, mscorlib, Version=4.0.0.0, Culture=neutral, PublicKeyToken=b77a5c561934e089" value="1" />
        <Simple type="System.Int32, mscorlib, Version=4.0.0.0, Culture=neutral, PublicKeyToken=b77a5c561934e089" value="2" />
        <Simple type="System.Int32, mscorlib, Version=4.0.0.0, Culture=neutral, PublicKeyToken=b77a5c561934e089" value="3" />
        <Simple type="System.Int32, mscorlib, Version=4.0.0.0, Culture=neutral, PublicKeyToken=b77a5c561934e089" value="4" />
      </Items>
    </Collection>
    <SingleArray name="CountColor0PerOrder">
      <Items>
        <Simple value="1" />
        <Simple value="0" />
        <Simple value="0" />
        <Simple value="0" />
      </Items>
    </SingleArray>
    <SingleArray name="CountColor1PerOrder">
      <Items>
        <Simple value="1" />
        <Simple value="0" />
        <Simple value="0" />
        <Simple value="1" />
      </Items>
    </SingleArray>
    <SingleArray name="CountColor2PerOrder">
      <Items>
        <Simple value="0" />
        <Simple value="2" />
        <Simple value="2" />
        <Simple value="1" />
      </Items>
    </SingleArray>
    <SingleArray name="PreBufferArray">
      <Items>
        <Simple value="1" />
        <Simple value="4" />
        <Simple value="7" />
        <Simple value="10" />
        <Simple value="13" />
        <Simple value="16" />
        <Simple value="19" />
      </Items>
    </SingleArray>
    <Simple name="TransportTimePerStage" value="2" />
    <SingleArray name="ProcessingSlotArray">
      <Items>
        <Simple value="2" />
        <Simple value="5" />
        <Simple value="8" />
        <Simple value="11" />
        <Simple value="14" />
        <Simple value="17" />
        <Simple value="20" />
      </Items>
    </SingleArray>
    <SingleArray name="PostBufferArray">
      <Items>
        <Simple value="3" />
        <Simple value="6" />
        <Simple value="9" />
        <Simple value="12" />
        <Simple value="15" />
        <Simple value="18" />
        <Simple value="21" />
      </Items>
    </SingleArray>
    <Simple name="ProcessingSlotNumber" value="2" />
    <Simple name="PostBufferSlotNumber" value="3" />
    <SingleArray name="ColorOfLastJobOnMachine">
      <Items>
        <Simple value="-1" />
        <Simple value="-1" />
        <Simple value="-1" />
        <Simple value="-1" />
        <Simple value="-1" />
        <Simple value="-1" />
        <Simple value="-1" />
      </Items>
    </SingleArray>
    <SingleArray name="RandomNumbersForColorID">
      <Items>
        <Simple value="0" />
        <Simple value="1" />
        <Simple value="2" />
        <Simple value="2" />
        <Simple value="2" />
        <Simple value="2" />
        <Simple value="1" />
        <Simple value="2" />
      </Items>
    </SingleArray>
    <SingleArray name="RandomNumbersForProcessingTimes">
      <Items>
        <Simple value="33" />
        <Simple value="31" />
        <Simple value="24" />
        <Simple value="30" />
        <Simple value="28" />
        <Simple value="22" />
        <Simple value="34" />
        <Simple value="23" />
        <Simple value="27" />
        <Simple value="27" />
        <Simple value="28" />
        <Simple value="34" />
        <Simple value="34" />
        <Simple value="21" />
        <Simple value="30" />
        <Simple value="33" />
        <Simple value="21" />
        <Simple value="28" />
        <Simple value="34" />
        <Simple value="31" />
        <Simple value="31" />
      </Items>
    </SingleArray>
    <Simple name="ChosenDirectory" value="../../Output/MIP Trainingsinstanzen\c_5_3-2-2_1_2_4" />
    <Simple name="instanceName" value="c_5_3-2-2_1_2_4" />
  </Properties>
</Complex>