﻿<Complex name="Root" type="GP_Simulator.Data, GP Simulator, Version=1.0.0.0, Culture=neutral, PublicKeyToken=null">
  <Properties>
    <Simple name="RawMaterialBoxStageCount" value="7" />
    <Simple name="ProcessingStageCount" value="5" />
    <Simple name="PreBufferCount" value="3" />
    <Simple name="JobsPerOrder" value="3" />
    <Simple name="OrderCount" value="3" />
    <Simple name="TotalJobCount" value="9" />
    <Simple name="TotalPreBufferSlots" value="33" />
    <Simple name="TotalProcessingSlots" value="11" />
    <Simple name="TotalSlots" value="57" />
    <Simple name="NumberOfMachines" value="11" />
    <Simple name="SlotsPerMachine" value="5" />
    <SingleArray name="MachinesPerStage">
      <Items>
        <Simple value="0" />
        <Simple value="2" />
        <Simple value="2" />
        <Simple value="2" />
        <Simple value="3" />
        <Simple value="2" />
        <Simple value="0" />
      </Items>
    </SingleArray>
    <Simple name="ParallelMachinesOutput" value="2-2-2-3-2" />
    <Simple name="ParallelMachinesOutputWithoutHyphen" value="2 2 2 3 2" />
    <MultiArray name="SetupTimes">
      <Dimensions>
        <Dimension length="3" />
        <Dimension length="3" />
      </Dimensions>
      <Items>
        <Item indexes="0,0">
          <Simple value="0" />
        </Item>
        <Item indexes="0,1">
          <Simple value="8" />
        </Item>
        <Item indexes="0,2">
          <Simple value="13" />
        </Item>
        <Item indexes="1,0">
          <Simple value="8" />
        </Item>
        <Item indexes="1,1">
          <Simple value="0" />
        </Item>
        <Item indexes="1,2">
          <Simple value="11" />
        </Item>
        <Item indexes="2,0">
          <Simple value="13" />
        </Item>
        <Item indexes="2,1">
          <Simple value="11" />
        </Item>
        <Item indexes="2,2">
          <Simple value="0" />
        </Item>
      </Items>
    </MultiArray>
    <MultiArray name="LocalJobInformation">
      <Dimensions>
        <Dimension length="9" />
        <Dimension length="3" />
      </Dimensions>
      <Items>
        <Item indexes="0,0">
          <Simple value="0" />
        </Item>
        <Item indexes="0,1">
          <Simple value="0" />
        </Item>
        <Item indexes="0,2">
          <Simple value="0" />
        </Item>
        <Item indexes="1,0">
          <Simple value="1" />
        </Item>
        <Item indexes="1,1">
          <Simple value="0" />
        </Item>
        <Item indexes="1,2">
          <Simple value="0" />
        </Item>
        <Item indexes="2,0">
          <Simple value="2" />
        </Item>
        <Item indexes="2,1">
          <Simple value="0" />
        </Item>
        <Item indexes="2,2">
          <Simple value="1" />
        </Item>
        <Item indexes="3,0">
          <Simple value="3" />
        </Item>
        <Item indexes="3,1">
          <Simple value="1" />
        </Item>
        <Item indexes="3,2">
          <Simple value="0" />
        </Item>
        <Item indexes="4,0">
          <Simple value="4" />
        </Item>
        <Item indexes="4,1">
          <Simple value="1" />
        </Item>
        <Item indexes="4,2">
          <Simple value="0" />
        </Item>
        <Item indexes="5,0">
          <Simple value="5" />
        </Item>
        <Item indexes="5,1">
          <Simple value="1" />
        </Item>
        <Item indexes="5,2">
          <Simple value="1" />
        </Item>
        <Item indexes="6,0">
          <Simple value="6" />
        </Item>
        <Item indexes="6,1">
          <Simple value="2" />
        </Item>
        <Item indexes="6,2">
          <Simple value="0" />
        </Item>
        <Item indexes="7,0">
          <Simple value="7" />
        </Item>
        <Item indexes="7,1">
          <Simple value="2" />
        </Item>
        <Item indexes="7,2">
          <Simple value="0" />
        </Item>
        <Item indexes="8,0">
          <Simple value="8" />
        </Item>
        <Item indexes="8,1">
          <Simple value="2" />
        </Item>
        <Item indexes="8,2">
          <Simple value="2" />
        </Item>
      </Items>
    </MultiArray>
    <Collection name="StageSequenceColor0">
      <Properties>
        <Simple name="Capacity" value="8" />
      </Properties>
      <Items>
        <Simple type="System.Int32, mscorlib, Version=4.0.0.0, Culture=neutral, PublicKeyToken=b77a5c561934e089" value="0" />
        <Simple type="System.Int32, mscorlib, Version=4.0.0.0, Culture=neutral, PublicKeyToken=b77a5c561934e089" value="1" />
        <Simple type="System.Int32, mscorlib, Version=4.0.0.0, Culture=neutral, PublicKeyToken=b77a5c561934e089" value="2" />
        <Simple type="System.Int32, mscorlib, Version=4.0.0.0, Culture=neutral, PublicKeyToken=b77a5c561934e089" value="3" />
        <Simple type="System.Int32, mscorlib, Version=4.0.0.0, Culture=neutral, PublicKeyToken=b77a5c561934e089" value="4" />
        <Simple type="System.Int32, mscorlib, Version=4.0.0.0, Culture=neutral, PublicKeyToken=b77a5c561934e089" value="5" />
        <Simple type="System.Int32, mscorlib, Version=4.0.0.0, Culture=neutral, PublicKeyToken=b77a5c561934e089" value="6" />
      </Items>
    </Collection>
    <Collection name="StageSequenceColor1">
      <Properties>
        <Simple name="Capacity" value="4" />
      </Properties>
      <Items>
        <Simple type="System.Int32, mscorlib, Version=4.0.0.0, Culture=neutral, PublicKeyToken=b77a5c561934e089" value="0" />
        <Simple type="System.Int32, mscorlib, Version=4.0.0.0, Culture=neutral, PublicKeyToken=b77a5c561934e089" value="1" />
        <Simple type="System.Int32, mscorlib, Version=4.0.0.0, Culture=neutral, PublicKeyToken=b77a5c561934e089" value="2" />
        <Simple type="System.Int32, mscorlib, Version=4.0.0.0, Culture=neutral, PublicKeyToken=b77a5c561934e089" value="6" />
      </Items>
    </Collection>
    <Collection name="StageSequenceColor2">
      <Properties>
        <Simple name="Capacity" value="4" />
      </Properties>
      <Items>
        <Simple type="System.Int32, mscorlib, Version=4.0.0.0, Culture=neutral, PublicKeyToken=b77a5c561934e089" value="0" />
        <Simple type="System.Int32, mscorlib, Version=4.0.0.0, Culture=neutral, PublicKeyToken=b77a5c561934e089" value="1" />
        <Simple type="System.Int32, mscorlib, Version=4.0.0.0, Culture=neutral, PublicKeyToken=b77a5c561934e089" value="2" />
        <Simple type="System.Int32, mscorlib, Version=4.0.0.0, Culture=neutral, PublicKeyToken=b77a5c561934e089" value="6" />
      </Items>
    </Collection>
    <SingleArray name="CountColor0PerOrder">
      <Items>
        <Simple value="2" />
        <Simple value="2" />
        <Simple value="2" />
      </Items>
    </SingleArray>
    <SingleArray name="CountColor1PerOrder">
      <Items>
        <Simple value="1" />
        <Simple value="1" />
        <Simple value="0" />
      </Items>
    </SingleArray>
    <SingleArray name="CountColor2PerOrder">
      <Items>
        <Simple value="0" />
        <Simple value="0" />
        <Simple value="1" />
      </Items>
    </SingleArray>
    <SingleArray name="PreBufferArray">
      <Items>
        <Simple value="1" />
        <Simple value="2" />
        <Simple value="3" />
        <Simple value="6" />
        <Simple value="7" />
        <Simple value="8" />
        <Simple value="11" />
        <Simple value="12" />
        <Simple value="13" />
        <Simple value="16" />
        <Simple value="17" />
        <Simple value="18" />
        <Simple value="21" />
        <Simple value="22" />
        <Simple value="23" />
        <Simple value="26" />
        <Simple value="27" />
        <Simple value="28" />
        <Simple value="31" />
        <Simple value="32" />
        <Simple value="33" />
        <Simple value="36" />
        <Simple value="37" />
        <Simple value="38" />
        <Simple value="41" />
        <Simple value="42" />
        <Simple value="43" />
        <Simple value="46" />
        <Simple value="47" />
        <Simple value="48" />
        <Simple value="51" />
        <Simple value="52" />
        <Simple value="53" />
      </Items>
    </SingleArray>
    <Simple name="TransportTimePerStage" value="2" />
    <SingleArray name="ProcessingSlotArray">
      <Items>
        <Simple value="4" />
        <Simple value="9" />
        <Simple value="14" />
        <Simple value="19" />
        <Simple value="24" />
        <Simple value="29" />
        <Simple value="34" />
        <Simple value="39" />
        <Simple value="44" />
        <Simple value="49" />
        <Simple value="54" />
      </Items>
    </SingleArray>
    <SingleArray name="PostBufferArray">
      <Items>
        <Simple value="5" />
        <Simple value="10" />
        <Simple value="15" />
        <Simple value="20" />
        <Simple value="25" />
        <Simple value="30" />
        <Simple value="35" />
        <Simple value="40" />
        <Simple value="45" />
        <Simple value="50" />
        <Simple value="55" />
      </Items>
    </SingleArray>
    <Simple name="ProcessingSlotNumber" value="4" />
    <Simple name="PostBufferSlotNumber" value="5" />
    <SingleArray name="ColorOfLastJobOnMachine">
      <Items>
        <Simple value="-1" />
        <Simple value="-1" />
        <Simple value="-1" />
        <Simple value="-1" />
        <Simple value="-1" />
        <Simple value="-1" />
        <Simple value="-1" />
        <Simple value="-1" />
        <Simple value="-1" />
        <Simple value="-1" />
        <Simple value="-1" />
      </Items>
    </SingleArray>
    <SingleArray name="RandomNumbersForColorID">
      <Items>
        <Simple value="0" />
        <Simple value="0" />
        <Simple value="1" />
        <Simple value="0" />
        <Simple value="0" />
        <Simple value="1" />
        <Simple value="0" />
        <Simple value="0" />
        <Simple value="2" />
      </Items>
    </SingleArray>
    <SingleArray name="RandomNumbersForProcessingTimes">
      <Items>
        <Simple value="31" />
        <Simple value="22" />
        <Simple value="23" />
        <Simple value="25" />
        <Simple value="34" />
        <Simple value="30" />
        <Simple value="33" />
        <Simple value="27" />
        <Simple value="27" />
        <Simple value="33" />
        <Simple value="23" />
        <Simple value="20" />
        <Simple value="32" />
        <Simple value="21" />
        <Simple value="23" />
        <Simple value="23" />
        <Simple value="20" />
        <Simple value="32" />
        <Simple value="28" />
        <Simple value="29" />
        <Simple value="21" />
        <Simple value="26" />
        <Simple value="21" />
        <Simple value="20" />
        <Simple value="33" />
        <Simple value="32" />
        <Simple value="23" />
        <Simple value="34" />
        <Simple value="29" />
        <Simple value="24" />
        <Simple value="27" />
        <Simple value="27" />
        <Simple value="29" />
      </Items>
    </SingleArray>
    <Simple name="ChosenDirectory" value="../../Output/MIP Trainingsinstanzen\g_7_2-2-2-3-2_3_3_3" />
    <Simple name="instanceName" value="g_7_2-2-2-3-2_3_3_3" />
  </Properties>
</Complex>