﻿<Complex name="Root" type="GP_Simulator.Data, GP Simulator, Version=1.0.0.0, Culture=neutral, PublicKeyToken=null">
  <Properties>
    <Simple name="RawMaterialBoxStageCount" value="9" />
    <Simple name="ProcessingStageCount" value="7" />
    <Simple name="PreBufferCount" value="2" />
    <Simple name="JobsPerOrder" value="10" />
    <Simple name="OrderCount" value="7" />
    <Simple name="TotalJobCount" value="70" />
    <Simple name="TotalPreBufferSlots" value="32" />
    <Simple name="TotalProcessingSlots" value="16" />
    <Simple name="TotalSlots" value="66" />
    <Simple name="NumberOfMachines" value="16" />
    <Simple name="SlotsPerMachine" value="4" />
    <SingleArray name="MachinesPerStage">
      <Items>
        <Simple value="0" />
        <Simple value="3" />
        <Simple value="3" />
        <Simple value="2" />
        <Simple value="2" />
        <Simple value="2" />
        <Simple value="2" />
        <Simple value="2" />
        <Simple value="0" />
      </Items>
    </SingleArray>
    <Simple name="ParallelMachinesOutput" value="3-3-2-2-2-2-2" />
    <Simple name="ParallelMachinesOutputWithoutHyphen" value="3 3 2 2 2 2 2" />
    <MultiArray name="SetupTimes">
      <Dimensions>
        <Dimension length="3" />
        <Dimension length="3" />
      </Dimensions>
      <Items>
        <Item indexes="0,0">
          <Simple value="0" />
        </Item>
        <Item indexes="0,1">
          <Simple value="9" />
        </Item>
        <Item indexes="0,2">
          <Simple value="10" />
        </Item>
        <Item indexes="1,0">
          <Simple value="5" />
        </Item>
        <Item indexes="1,1">
          <Simple value="0" />
        </Item>
        <Item indexes="1,2">
          <Simple value="3" />
        </Item>
        <Item indexes="2,0">
          <Simple value="6" />
        </Item>
        <Item indexes="2,1">
          <Simple value="8" />
        </Item>
        <Item indexes="2,2">
          <Simple value="0" />
        </Item>
      </Items>
    </MultiArray>
    <MultiArray name="LocalJobInformation">
      <Dimensions>
        <Dimension length="70" />
        <Dimension length="3" />
      </Dimensions>
      <Items>
        <Item indexes="0,0">
          <Simple value="0" />
        </Item>
        <Item indexes="0,1">
          <Simple value="0" />
        </Item>
        <Item indexes="0,2">
          <Simple value="0" />
        </Item>
        <Item indexes="1,0">
          <Simple value="1" />
        </Item>
        <Item indexes="1,1">
          <Simple value="0" />
        </Item>
        <Item indexes="1,2">
          <Simple value="0" />
        </Item>
        <Item indexes="2,0">
          <Simple value="2" />
        </Item>
        <Item indexes="2,1">
          <Simple value="0" />
        </Item>
        <Item indexes="2,2">
          <Simple value="0" />
        </Item>
        <Item indexes="3,0">
          <Simple value="3" />
        </Item>
        <Item indexes="3,1">
          <Simple value="0" />
        </Item>
        <Item indexes="3,2">
          <Simple value="0" />
        </Item>
        <Item indexes="4,0">
          <Simple value="4" />
        </Item>
        <Item indexes="4,1">
          <Simple value="0" />
        </Item>
        <Item indexes="4,2">
          <Simple value="0" />
        </Item>
        <Item indexes="5,0">
          <Simple value="5" />
        </Item>
        <Item indexes="5,1">
          <Simple value="0" />
        </Item>
        <Item indexes="5,2">
          <Simple value="0" />
        </Item>
        <Item indexes="6,0">
          <Simple value="6" />
        </Item>
        <Item indexes="6,1">
          <Simple value="0" />
        </Item>
        <Item indexes="6,2">
          <Simple value="0" />
        </Item>
        <Item indexes="7,0">
          <Simple value="7" />
        </Item>
        <Item indexes="7,1">
          <Simple value="0" />
        </Item>
        <Item indexes="7,2">
          <Simple value="0" />
        </Item>
        <Item indexes="8,0">
          <Simple value="8" />
        </Item>
        <Item indexes="8,1">
          <Simple value="0" />
        </Item>
        <Item indexes="8,2">
          <Simple value="1" />
        </Item>
        <Item indexes="9,0">
          <Simple value="9" />
        </Item>
        <Item indexes="9,1">
          <Simple value="0" />
        </Item>
        <Item indexes="9,2">
          <Simple value="2" />
        </Item>
        <Item indexes="10,0">
          <Simple value="10" />
        </Item>
        <Item indexes="10,1">
          <Simple value="1" />
        </Item>
        <Item indexes="10,2">
          <Simple value="0" />
        </Item>
        <Item indexes="11,0">
          <Simple value="11" />
        </Item>
        <Item indexes="11,1">
          <Simple value="1" />
        </Item>
        <Item indexes="11,2">
          <Simple value="0" />
        </Item>
        <Item indexes="12,0">
          <Simple value="12" />
        </Item>
        <Item indexes="12,1">
          <Simple value="1" />
        </Item>
        <Item indexes="12,2">
          <Simple value="0" />
        </Item>
        <Item indexes="13,0">
          <Simple value="13" />
        </Item>
        <Item indexes="13,1">
          <Simple value="1" />
        </Item>
        <Item indexes="13,2">
          <Simple value="1" />
        </Item>
        <Item indexes="14,0">
          <Simple value="14" />
        </Item>
        <Item indexes="14,1">
          <Simple value="1" />
        </Item>
        <Item indexes="14,2">
          <Simple value="1" />
        </Item>
        <Item indexes="15,0">
          <Simple value="15" />
        </Item>
        <Item indexes="15,1">
          <Simple value="1" />
        </Item>
        <Item indexes="15,2">
          <Simple value="1" />
        </Item>
        <Item indexes="16,0">
          <Simple value="16" />
        </Item>
        <Item indexes="16,1">
          <Simple value="1" />
        </Item>
        <Item indexes="16,2">
          <Simple value="2" />
        </Item>
        <Item indexes="17,0">
          <Simple value="17" />
        </Item>
        <Item indexes="17,1">
          <Simple value="1" />
        </Item>
        <Item indexes="17,2">
          <Simple value="2" />
        </Item>
        <Item indexes="18,0">
          <Simple value="18" />
        </Item>
        <Item indexes="18,1">
          <Simple value="1" />
        </Item>
        <Item indexes="18,2">
          <Simple value="2" />
        </Item>
        <Item indexes="19,0">
          <Simple value="19" />
        </Item>
        <Item indexes="19,1">
          <Simple value="1" />
        </Item>
        <Item indexes="19,2">
          <Simple value="2" />
        </Item>
        <Item indexes="20,0">
          <Simple value="20" />
        </Item>
        <Item indexes="20,1">
          <Simple value="2" />
        </Item>
        <Item indexes="20,2">
          <Simple value="0" />
        </Item>
        <Item indexes="21,0">
          <Simple value="21" />
        </Item>
        <Item indexes="21,1">
          <Simple value="2" />
        </Item>
        <Item indexes="21,2">
          <Simple value="0" />
        </Item>
        <Item indexes="22,0">
          <Simple value="22" />
        </Item>
        <Item indexes="22,1">
          <Simple value="2" />
        </Item>
        <Item indexes="22,2">
          <Simple value="0" />
        </Item>
        <Item indexes="23,0">
          <Simple value="23" />
        </Item>
        <Item indexes="23,1">
          <Simple value="2" />
        </Item>
        <Item indexes="23,2">
          <Simple value="0" />
        </Item>
        <Item indexes="24,0">
          <Simple value="24" />
        </Item>
        <Item indexes="24,1">
          <Simple value="2" />
        </Item>
        <Item indexes="24,2">
          <Simple value="0" />
        </Item>
        <Item indexes="25,0">
          <Simple value="25" />
        </Item>
        <Item indexes="25,1">
          <Simple value="2" />
        </Item>
        <Item indexes="25,2">
          <Simple value="0" />
        </Item>
        <Item indexes="26,0">
          <Simple value="26" />
        </Item>
        <Item indexes="26,1">
          <Simple value="2" />
        </Item>
        <Item indexes="26,2">
          <Simple value="0" />
        </Item>
        <Item indexes="27,0">
          <Simple value="27" />
        </Item>
        <Item indexes="27,1">
          <Simple value="2" />
        </Item>
        <Item indexes="27,2">
          <Simple value="1" />
        </Item>
        <Item indexes="28,0">
          <Simple value="28" />
        </Item>
        <Item indexes="28,1">
          <Simple value="2" />
        </Item>
        <Item indexes="28,2">
          <Simple value="1" />
        </Item>
        <Item indexes="29,0">
          <Simple value="29" />
        </Item>
        <Item indexes="29,1">
          <Simple value="2" />
        </Item>
        <Item indexes="29,2">
          <Simple value="2" />
        </Item>
        <Item indexes="30,0">
          <Simple value="30" />
        </Item>
        <Item indexes="30,1">
          <Simple value="3" />
        </Item>
        <Item indexes="30,2">
          <Simple value="0" />
        </Item>
        <Item indexes="31,0">
          <Simple value="31" />
        </Item>
        <Item indexes="31,1">
          <Simple value="3" />
        </Item>
        <Item indexes="31,2">
          <Simple value="0" />
        </Item>
        <Item indexes="32,0">
          <Simple value="32" />
        </Item>
        <Item indexes="32,1">
          <Simple value="3" />
        </Item>
        <Item indexes="32,2">
          <Simple value="0" />
        </Item>
        <Item indexes="33,0">
          <Simple value="33" />
        </Item>
        <Item indexes="33,1">
          <Simple value="3" />
        </Item>
        <Item indexes="33,2">
          <Simple value="0" />
        </Item>
        <Item indexes="34,0">
          <Simple value="34" />
        </Item>
        <Item indexes="34,1">
          <Simple value="3" />
        </Item>
        <Item indexes="34,2">
          <Simple value="1" />
        </Item>
        <Item indexes="35,0">
          <Simple value="35" />
        </Item>
        <Item indexes="35,1">
          <Simple value="3" />
        </Item>
        <Item indexes="35,2">
          <Simple value="1" />
        </Item>
        <Item indexes="36,0">
          <Simple value="36" />
        </Item>
        <Item indexes="36,1">
          <Simple value="3" />
        </Item>
        <Item indexes="36,2">
          <Simple value="2" />
        </Item>
        <Item indexes="37,0">
          <Simple value="37" />
        </Item>
        <Item indexes="37,1">
          <Simple value="3" />
        </Item>
        <Item indexes="37,2">
          <Simple value="2" />
        </Item>
        <Item indexes="38,0">
          <Simple value="38" />
        </Item>
        <Item indexes="38,1">
          <Simple value="3" />
        </Item>
        <Item indexes="38,2">
          <Simple value="2" />
        </Item>
        <Item indexes="39,0">
          <Simple value="39" />
        </Item>
        <Item indexes="39,1">
          <Simple value="3" />
        </Item>
        <Item indexes="39,2">
          <Simple value="2" />
        </Item>
        <Item indexes="40,0">
          <Simple value="40" />
        </Item>
        <Item indexes="40,1">
          <Simple value="4" />
        </Item>
        <Item indexes="40,2">
          <Simple value="0" />
        </Item>
        <Item indexes="41,0">
          <Simple value="41" />
        </Item>
        <Item indexes="41,1">
          <Simple value="4" />
        </Item>
        <Item indexes="41,2">
          <Simple value="0" />
        </Item>
        <Item indexes="42,0">
          <Simple value="42" />
        </Item>
        <Item indexes="42,1">
          <Simple value="4" />
        </Item>
        <Item indexes="42,2">
          <Simple value="0" />
        </Item>
        <Item indexes="43,0">
          <Simple value="43" />
        </Item>
        <Item indexes="43,1">
          <Simple value="4" />
        </Item>
        <Item indexes="43,2">
          <Simple value="0" />
        </Item>
        <Item indexes="44,0">
          <Simple value="44" />
        </Item>
        <Item indexes="44,1">
          <Simple value="4" />
        </Item>
        <Item indexes="44,2">
          <Simple value="1" />
        </Item>
        <Item indexes="45,0">
          <Simple value="45" />
        </Item>
        <Item indexes="45,1">
          <Simple value="4" />
        </Item>
        <Item indexes="45,2">
          <Simple value="2" />
        </Item>
        <Item indexes="46,0">
          <Simple value="46" />
        </Item>
        <Item indexes="46,1">
          <Simple value="4" />
        </Item>
        <Item indexes="46,2">
          <Simple value="2" />
        </Item>
        <Item indexes="47,0">
          <Simple value="47" />
        </Item>
        <Item indexes="47,1">
          <Simple value="4" />
        </Item>
        <Item indexes="47,2">
          <Simple value="2" />
        </Item>
        <Item indexes="48,0">
          <Simple value="48" />
        </Item>
        <Item indexes="48,1">
          <Simple value="4" />
        </Item>
        <Item indexes="48,2">
          <Simple value="2" />
        </Item>
        <Item indexes="49,0">
          <Simple value="49" />
        </Item>
        <Item indexes="49,1">
          <Simple value="4" />
        </Item>
        <Item indexes="49,2">
          <Simple value="2" />
        </Item>
        <Item indexes="50,0">
          <Simple value="50" />
        </Item>
        <Item indexes="50,1">
          <Simple value="5" />
        </Item>
        <Item indexes="50,2">
          <Simple value="0" />
        </Item>
        <Item indexes="51,0">
          <Simple value="51" />
        </Item>
        <Item indexes="51,1">
          <Simple value="5" />
        </Item>
        <Item indexes="51,2">
          <Simple value="0" />
        </Item>
        <Item indexes="52,0">
          <Simple value="52" />
        </Item>
        <Item indexes="52,1">
          <Simple value="5" />
        </Item>
        <Item indexes="52,2">
          <Simple value="0" />
        </Item>
        <Item indexes="53,0">
          <Simple value="53" />
        </Item>
        <Item indexes="53,1">
          <Simple value="5" />
        </Item>
        <Item indexes="53,2">
          <Simple value="1" />
        </Item>
        <Item indexes="54,0">
          <Simple value="54" />
        </Item>
        <Item indexes="54,1">
          <Simple value="5" />
        </Item>
        <Item indexes="54,2">
          <Simple value="1" />
        </Item>
        <Item indexes="55,0">
          <Simple value="55" />
        </Item>
        <Item indexes="55,1">
          <Simple value="5" />
        </Item>
        <Item indexes="55,2">
          <Simple value="2" />
        </Item>
        <Item indexes="56,0">
          <Simple value="56" />
        </Item>
        <Item indexes="56,1">
          <Simple value="5" />
        </Item>
        <Item indexes="56,2">
          <Simple value="2" />
        </Item>
        <Item indexes="57,0">
          <Simple value="57" />
        </Item>
        <Item indexes="57,1">
          <Simple value="5" />
        </Item>
        <Item indexes="57,2">
          <Simple value="2" />
        </Item>
        <Item indexes="58,0">
          <Simple value="58" />
        </Item>
        <Item indexes="58,1">
          <Simple value="5" />
        </Item>
        <Item indexes="58,2">
          <Simple value="2" />
        </Item>
        <Item indexes="59,0">
          <Simple value="59" />
        </Item>
        <Item indexes="59,1">
          <Simple value="5" />
        </Item>
        <Item indexes="59,2">
          <Simple value="2" />
        </Item>
        <Item indexes="60,0">
          <Simple value="60" />
        </Item>
        <Item indexes="60,1">
          <Simple value="6" />
        </Item>
        <Item indexes="60,2">
          <Simple value="0" />
        </Item>
        <Item indexes="61,0">
          <Simple value="61" />
        </Item>
        <Item indexes="61,1">
          <Simple value="6" />
        </Item>
        <Item indexes="61,2">
          <Simple value="0" />
        </Item>
        <Item indexes="62,0">
          <Simple value="62" />
        </Item>
        <Item indexes="62,1">
          <Simple value="6" />
        </Item>
        <Item indexes="62,2">
          <Simple value="0" />
        </Item>
        <Item indexes="63,0">
          <Simple value="63" />
        </Item>
        <Item indexes="63,1">
          <Simple value="6" />
        </Item>
        <Item indexes="63,2">
          <Simple value="1" />
        </Item>
        <Item indexes="64,0">
          <Simple value="64" />
        </Item>
        <Item indexes="64,1">
          <Simple value="6" />
        </Item>
        <Item indexes="64,2">
          <Simple value="1" />
        </Item>
        <Item indexes="65,0">
          <Simple value="65" />
        </Item>
        <Item indexes="65,1">
          <Simple value="6" />
        </Item>
        <Item indexes="65,2">
          <Simple value="1" />
        </Item>
        <Item indexes="66,0">
          <Simple value="66" />
        </Item>
        <Item indexes="66,1">
          <Simple value="6" />
        </Item>
        <Item indexes="66,2">
          <Simple value="1" />
        </Item>
        <Item indexes="67,0">
          <Simple value="67" />
        </Item>
        <Item indexes="67,1">
          <Simple value="6" />
        </Item>
        <Item indexes="67,2">
          <Simple value="2" />
        </Item>
        <Item indexes="68,0">
          <Simple value="68" />
        </Item>
        <Item indexes="68,1">
          <Simple value="6" />
        </Item>
        <Item indexes="68,2">
          <Simple value="2" />
        </Item>
        <Item indexes="69,0">
          <Simple value="69" />
        </Item>
        <Item indexes="69,1">
          <Simple value="6" />
        </Item>
        <Item indexes="69,2">
          <Simple value="2" />
        </Item>
      </Items>
    </MultiArray>
    <Collection name="StageSequenceColor0">
      <Properties>
        <Simple name="Capacity" value="16" />
      </Properties>
      <Items>
        <Simple type="System.Int32, mscorlib, Version=4.0.0.0, Culture=neutral, PublicKeyToken=b77a5c561934e089" value="0" />
        <Simple type="System.Int32, mscorlib, Version=4.0.0.0, Culture=neutral, PublicKeyToken=b77a5c561934e089" value="1" />
        <Simple type="System.Int32, mscorlib, Version=4.0.0.0, Culture=neutral, PublicKeyToken=b77a5c561934e089" value="2" />
        <Simple type="System.Int32, mscorlib, Version=4.0.0.0, Culture=neutral, PublicKeyToken=b77a5c561934e089" value="3" />
        <Simple type="System.Int32, mscorlib, Version=4.0.0.0, Culture=neutral, PublicKeyToken=b77a5c561934e089" value="4" />
        <Simple type="System.Int32, mscorlib, Version=4.0.0.0, Culture=neutral, PublicKeyToken=b77a5c561934e089" value="5" />
        <Simple type="System.Int32, mscorlib, Version=4.0.0.0, Culture=neutral, PublicKeyToken=b77a5c561934e089" value="6" />
        <Simple type="System.Int32, mscorlib, Version=4.0.0.0, Culture=neutral, PublicKeyToken=b77a5c561934e089" value="7" />
        <Simple type="System.Int32, mscorlib, Version=4.0.0.0, Culture=neutral, PublicKeyToken=b77a5c561934e089" value="8" />
      </Items>
    </Collection>
    <Collection name="StageSequenceColor1">
      <Properties>
        <Simple name="Capacity" value="16" />
      </Properties>
      <Items>
        <Simple type="System.Int32, mscorlib, Version=4.0.0.0, Culture=neutral, PublicKeyToken=b77a5c561934e089" value="0" />
        <Simple type="System.Int32, mscorlib, Version=4.0.0.0, Culture=neutral, PublicKeyToken=b77a5c561934e089" value="1" />
        <Simple type="System.Int32, mscorlib, Version=4.0.0.0, Culture=neutral, PublicKeyToken=b77a5c561934e089" value="2" />
        <Simple type="System.Int32, mscorlib, Version=4.0.0.0, Culture=neutral, PublicKeyToken=b77a5c561934e089" value="3" />
        <Simple type="System.Int32, mscorlib, Version=4.0.0.0, Culture=neutral, PublicKeyToken=b77a5c561934e089" value="4" />
        <Simple type="System.Int32, mscorlib, Version=4.0.0.0, Culture=neutral, PublicKeyToken=b77a5c561934e089" value="5" />
        <Simple type="System.Int32, mscorlib, Version=4.0.0.0, Culture=neutral, PublicKeyToken=b77a5c561934e089" value="6" />
        <Simple type="System.Int32, mscorlib, Version=4.0.0.0, Culture=neutral, PublicKeyToken=b77a5c561934e089" value="7" />
        <Simple type="System.Int32, mscorlib, Version=4.0.0.0, Culture=neutral, PublicKeyToken=b77a5c561934e089" value="8" />
      </Items>
    </Collection>
    <Collection name="StageSequenceColor2">
      <Properties>
        <Simple name="Capacity" value="16" />
      </Properties>
      <Items>
        <Simple type="System.Int32, mscorlib, Version=4.0.0.0, Culture=neutral, PublicKeyToken=b77a5c561934e089" value="0" />
        <Simple type="System.Int32, mscorlib, Version=4.0.0.0, Culture=neutral, PublicKeyToken=b77a5c561934e089" value="1" />
        <Simple type="System.Int32, mscorlib, Version=4.0.0.0, Culture=neutral, PublicKeyToken=b77a5c561934e089" value="2" />
        <Simple type="System.Int32, mscorlib, Version=4.0.0.0, Culture=neutral, PublicKeyToken=b77a5c561934e089" value="3" />
        <Simple type="System.Int32, mscorlib, Version=4.0.0.0, Culture=neutral, PublicKeyToken=b77a5c561934e089" value="4" />
        <Simple type="System.Int32, mscorlib, Version=4.0.0.0, Culture=neutral, PublicKeyToken=b77a5c561934e089" value="5" />
        <Simple type="System.Int32, mscorlib, Version=4.0.0.0, Culture=neutral, PublicKeyToken=b77a5c561934e089" value="6" />
        <Simple type="System.Int32, mscorlib, Version=4.0.0.0, Culture=neutral, PublicKeyToken=b77a5c561934e089" value="7" />
        <Simple type="System.Int32, mscorlib, Version=4.0.0.0, Culture=neutral, PublicKeyToken=b77a5c561934e089" value="8" />
      </Items>
    </Collection>
    <Collection name="lowerBoundDueDates">
      <Properties>
        <Simple name="Capacity" value="0" />
      </Properties>
      <Items />
    </Collection>
    <SingleArray name="CountColor0PerOrder">
      <Items>
        <Simple value="8" />
        <Simple value="3" />
        <Simple value="7" />
        <Simple value="4" />
        <Simple value="4" />
        <Simple value="3" />
        <Simple value="3" />
      </Items>
    </SingleArray>
    <SingleArray name="CountColor1PerOrder">
      <Items>
        <Simple value="1" />
        <Simple value="3" />
        <Simple value="2" />
        <Simple value="2" />
        <Simple value="1" />
        <Simple value="2" />
        <Simple value="4" />
      </Items>
    </SingleArray>
    <SingleArray name="CountColor2PerOrder">
      <Items>
        <Simple value="1" />
        <Simple value="4" />
        <Simple value="1" />
        <Simple value="4" />
        <Simple value="5" />
        <Simple value="5" />
        <Simple value="3" />
      </Items>
    </SingleArray>
    <SingleArray name="PreBufferArray">
      <Items>
        <Simple value="1" />
        <Simple value="2" />
        <Simple value="5" />
        <Simple value="6" />
        <Simple value="9" />
        <Simple value="10" />
        <Simple value="13" />
        <Simple value="14" />
        <Simple value="17" />
        <Simple value="18" />
        <Simple value="21" />
        <Simple value="22" />
        <Simple value="25" />
        <Simple value="26" />
        <Simple value="29" />
        <Simple value="30" />
        <Simple value="33" />
        <Simple value="34" />
        <Simple value="37" />
        <Simple value="38" />
        <Simple value="41" />
        <Simple value="42" />
        <Simple value="45" />
        <Simple value="46" />
        <Simple value="49" />
        <Simple value="50" />
        <Simple value="53" />
        <Simple value="54" />
        <Simple value="57" />
        <Simple value="58" />
        <Simple value="61" />
        <Simple value="62" />
      </Items>
    </SingleArray>
    <Simple name="TransportTimePerStage" value="1" />
    <SingleArray name="ProcessingSlotArray">
      <Items>
        <Simple value="3" />
        <Simple value="7" />
        <Simple value="11" />
        <Simple value="15" />
        <Simple value="19" />
        <Simple value="23" />
        <Simple value="27" />
        <Simple value="31" />
        <Simple value="35" />
        <Simple value="39" />
        <Simple value="43" />
        <Simple value="47" />
        <Simple value="51" />
        <Simple value="55" />
        <Simple value="59" />
        <Simple value="63" />
      </Items>
    </SingleArray>
    <SingleArray name="PostBufferArray">
      <Items>
        <Simple value="4" />
        <Simple value="8" />
        <Simple value="12" />
        <Simple value="16" />
        <Simple value="20" />
        <Simple value="24" />
        <Simple value="28" />
        <Simple value="32" />
        <Simple value="36" />
        <Simple value="40" />
        <Simple value="44" />
        <Simple value="48" />
        <Simple value="52" />
        <Simple value="56" />
        <Simple value="60" />
        <Simple value="64" />
      </Items>
    </SingleArray>
    <Simple name="ProcessingSlotNumber" value="3" />
    <Simple name="PostBufferSlotNumber" value="4" />
    <SingleArray name="ColorOfLastJobOnMachine">
      <Items>
        <Simple value="-1" />
        <Simple value="-1" />
        <Simple value="-1" />
        <Simple value="-1" />
        <Simple value="-1" />
        <Simple value="-1" />
        <Simple value="-1" />
        <Simple value="-1" />
        <Simple value="-1" />
        <Simple value="-1" />
        <Simple value="-1" />
        <Simple value="-1" />
        <Simple value="-1" />
        <Simple value="-1" />
        <Simple value="-1" />
        <Simple value="-1" />
      </Items>
    </SingleArray>
    <SingleArray name="RandomNumbersForColorID">
      <Items>
        <Simple value="0" />
        <Simple value="0" />
        <Simple value="0" />
        <Simple value="0" />
        <Simple value="0" />
        <Simple value="0" />
        <Simple value="0" />
        <Simple value="0" />
        <Simple value="1" />
        <Simple value="2" />
        <Simple value="0" />
        <Simple value="0" />
        <Simple value="0" />
        <Simple value="1" />
        <Simple value="1" />
        <Simple value="1" />
        <Simple value="2" />
        <Simple value="2" />
        <Simple value="2" />
        <Simple value="2" />
        <Simple value="0" />
        <Simple value="0" />
        <Simple value="0" />
        <Simple value="0" />
        <Simple value="0" />
        <Simple value="0" />
        <Simple value="0" />
        <Simple value="1" />
        <Simple value="1" />
        <Simple value="2" />
        <Simple value="0" />
        <Simple value="0" />
        <Simple value="0" />
        <Simple value="0" />
        <Simple value="1" />
        <Simple value="1" />
        <Simple value="2" />
        <Simple value="2" />
        <Simple value="2" />
        <Simple value="2" />
        <Simple value="0" />
        <Simple value="0" />
        <Simple value="0" />
        <Simple value="0" />
        <Simple value="1" />
        <Simple value="2" />
        <Simple value="2" />
        <Simple value="2" />
        <Simple value="2" />
        <Simple value="2" />
        <Simple value="0" />
        <Simple value="0" />
        <Simple value="0" />
        <Simple value="1" />
        <Simple value="1" />
        <Simple value="2" />
        <Simple value="2" />
        <Simple value="2" />
        <Simple value="2" />
        <Simple value="2" />
        <Simple value="0" />
        <Simple value="0" />
        <Simple value="0" />
        <Simple value="1" />
        <Simple value="1" />
        <Simple value="1" />
        <Simple value="1" />
        <Simple value="2" />
        <Simple value="2" />
        <Simple value="2" />
      </Items>
    </SingleArray>
    <SingleArray name="RandomNumbersForProcessingTimes">
      <Items>
        <Simple value="22" />
        <Simple value="27" />
        <Simple value="26" />
        <Simple value="22" />
        <Simple value="27" />
        <Simple value="26" />
        <Simple value="22" />
        <Simple value="27" />
        <Simple value="26" />
        <Simple value="26" />
        <Simple value="46" />
        <Simple value="17" />
        <Simple value="26" />
        <Simple value="46" />
        <Simple value="17" />
        <Simple value="26" />
        <Simple value="46" />
        <Simple value="17" />
        <Simple value="29" />
        <Simple value="41" />
        <Simple value="30" />
        <Simple value="29" />
        <Simple value="41" />
        <Simple value="30" />
        <Simple value="17" />
        <Simple value="33" />
        <Simple value="25" />
        <Simple value="17" />
        <Simple value="33" />
        <Simple value="25" />
        <Simple value="34" />
        <Simple value="26" />
        <Simple value="26" />
        <Simple value="34" />
        <Simple value="26" />
        <Simple value="26" />
        <Simple value="20" />
        <Simple value="48" />
        <Simple value="37" />
        <Simple value="20" />
        <Simple value="48" />
        <Simple value="37" />
        <Simple value="50" />
        <Simple value="17" />
        <Simple value="26" />
        <Simple value="50" />
        <Simple value="17" />
        <Simple value="26" />
      </Items>
    </SingleArray>
    <Simple name="ChosenDirectory" value="../../Output/MIP Trainingsinstanzen\Instance_9_3-3-2-2-2-2-2_2_10_7" />
    <Simple name="instanceName" value="Instance_9_3-3-2-2-2-2-2_2_10_7" />
  </Properties>
</Complex>