Instance;LPRelaxation;MIPBestBound;TerminatedNormally
OPL_InstanceNumber_0_6_2-3-3-3_2_12_6;1440;1440;1
OPL_InstanceNumber_1_7_3-3-3-3-3_3_8_6;1152;1152;1
OPL_InstanceNumber_10_5_2-2-2_2_8_5;640;640;1
OPL_InstanceNumber_11_5_3-3-3_2_11_5;880;880;1
OPL_InstanceNumber_12_7_2-2-3-2-2_2_11_3;792;792;1
OPL_InstanceNumber_13_6_2-3-2-3_1_7_6;840;840;1
OPL_InstanceNumber_14_6_3-3-3-2_3_7_3;420;420;1
OPL_InstanceNumber_15_6_2-3-2-3_2_7_4;560;560;1
OPL_InstanceNumber_16_7_2-3-3-2-2_1_7_6;1008;1008;1
OPL_InstanceNumber_17_7_2-3-3-3-3_1_12_6;1728;1728;1
OPL_InstanceNumber_18_7_3-2-3-3-2_2_9_4;864;864;1
OPL_InstanceNumber_19_7_3-3-2-2-2_1_10_6;1440;1440;1
OPL_InstanceNumber_2_5_3-3-3_3_8_3;384;384;1
OPL_InstanceNumber_20_5_3-3-2_3_7_5;560;560;1
OPL_InstanceNumber_21_5_3-2-3_2_11_5;880;880;1
OPL_InstanceNumber_22_5_3-2-3_3_10_5;800;800;1
OPL_InstanceNumber_23_7_3-3-2-2-3_2_12_3;864;864;1
OPL_InstanceNumber_24_5_3-3-3_2_11_6;1056;1056;1
OPL_InstanceNumber_25_5_3-2-2_1_9_6;864;864;1
OPL_InstanceNumber_26_6_3-3-3-2_3_12_4;960;960;1
OPL_InstanceNumber_27_5_2-2-3_3_10_3;480;480;1
OPL_InstanceNumber_28_7_2-2-2-3-2_2_8_3;576;576;1
OPL_InstanceNumber_29_5_2-3-2_3_9_3;432;432;1
OPL_InstanceNumber_3_6_2-2-2-3_2_8_4;640;640;1
OPL_InstanceNumber_30_5_3-3-3_2_11_3;528;528;1
OPL_InstanceNumber_31_7_2-2-3-2-3_3_11_5;1320;1320;1
OPL_InstanceNumber_32_5_3-3-3_1_7_4;448;448;1
OPL_InstanceNumber_33_6_2-2-2-2_2_11_4;880;880;1
OPL_InstanceNumber_34_5_3-3-3_3_12_4;768;768;1
OPL_InstanceNumber_35_6_2-3-3-3_2_11_5;1100;1100;1
OPL_InstanceNumber_36_6_2-3-3-3_1_11_3;660;660;1
OPL_InstanceNumber_37_6_3-2-3-2_1_12_6;1440;1440;1
OPL_InstanceNumber_38_6_2-2-3-3_2_12_4;960;960;1
OPL_InstanceNumber_39_6_2-3-2-3_1_12_5;1200;1200;1
OPL_InstanceNumber_4_6_3-3-2-2_3_9_3;540;540;1
OPL_InstanceNumber_40_6_3-3-3-2_1_8_4;640;640;1
OPL_InstanceNumber_41_5_3-3-3_1_10_3;480;480;1
OPL_InstanceNumber_42_6_2-3-2-3_2_9_5;900;900;1
OPL_InstanceNumber_43_7_2-2-2-2-3_1_10_6;1440;1440;1
OPL_InstanceNumber_44_6_3-3-3-2_3_9_4;720;720;1
OPL_InstanceNumber_45_5_2-3-3_3_11_5;880;880;1
OPL_InstanceNumber_46_5_2-2-3_1_10_5;800;800;1
OPL_InstanceNumber_47_6_2-2-2-2_1_10_6;1200;1200;1
OPL_InstanceNumber_48_5_3-2-2_1_12_5;960;960;1
OPL_InstanceNumber_49_5_2-3-3_1_11_6;1056;1056;1
OPL_InstanceNumber_5_5_3-2-2_1_11_5;880;880;1
OPL_InstanceNumber_50_5_2-3-2_1_11_6;1056;1056;1
OPL_InstanceNumber_51_6_2-3-3-2_3_12_4;960;960;1
OPL_InstanceNumber_52_5_3-2-2_3_7_3;336;336;1
OPL_InstanceNumber_53_5_3-2-3_2_10_3;480;480;1
OPL_InstanceNumber_54_5_2-3-3_2_12_3;576;576;1
OPL_InstanceNumber_55_6_3-2-3-2_3_8_4;640;640;1
OPL_InstanceNumber_56_6_3-3-2-3_3_8_3;480;480;1
OPL_InstanceNumber_57_6_2-3-3-2_3_10_3;600;600;1
OPL_InstanceNumber_58_5_2-3-3_1_11_4;704;704;1
OPL_InstanceNumber_59_6_3-3-2-2_3_9_5;900;900;1
OPL_InstanceNumber_6_6_2-3-2-3_2_10_6;1200;1200;1
OPL_InstanceNumber_60_6_2-2-2-3_1_11_3;660;660;1
OPL_InstanceNumber_61_7_3-3-3-2-3_2_7_4;672;672;1
OPL_InstanceNumber_62_7_3-2-2-3-3_2_11_6;1584;1584;1
OPL_InstanceNumber_63_7_2-3-2-3-3_3_11_3;792;792;1
OPL_InstanceNumber_64_7_3-2-3-2-2_2_10_4;960;960;1
OPL_InstanceNumber_65_5_2-3-2_2_12_6;1152;1152;1
OPL_InstanceNumber_66_6_2-2-3-3_2_7_6;840;840;1
OPL_InstanceNumber_67_6_3-2-3-2_1_8_3;480;480;1
OPL_InstanceNumber_68_5_2-3-2_1_9_3;432;432;1
OPL_InstanceNumber_69_5_3-3-3_3_12_4;768;768;1
OPL_InstanceNumber_7_6_2-3-3-2_1_9_6;1080;1080;1
OPL_InstanceNumber_70_5_3-2-3_3_11_4;704;704;1
OPL_InstanceNumber_71_5_3-2-2_2_8_4;512;512;1
OPL_InstanceNumber_72_7_2-3-3-3-2_1_8_3;576;576;1
OPL_InstanceNumber_73_6_2-3-3-2_2_12_4;960;960;1
OPL_InstanceNumber_74_6_2-2-2-2_2_12_5;1200;1200;1
OPL_InstanceNumber_75_5_3-2-3_1_11_5;880;880;1
OPL_InstanceNumber_76_5_3-3-2_1_8_6;768;768;1
OPL_InstanceNumber_77_6_3-2-3-3_2_7_5;700;700;1
OPL_InstanceNumber_78_7_3-2-3-3-2_2_10_3;720;720;1
OPL_InstanceNumber_79_5_3-3-3_3_12_3;576;576;1
OPL_InstanceNumber_8_5_2-3-3_2_12_5;960;960;1
OPL_InstanceNumber_9_5_2-2-3_3_10_6;960;960;1
